modulo,prioridad_modulo,tema,motivo,focos,fortaleza
1,media,Biomoléculas,En el intento 2024 aparece una respuesta parcialmente correcta en la pregunta de biomoléculas.,estructura primaria y secundaria de proteínas | puentes de hidrógeno entre hebras de ADN | polaridad del ATP | ribosa vs desoxirribosa,no
1,media,Cinética enzimática / Michaelis-Menten,"El intento 2024 contiene una pregunta parcialmente correcta con Km, Vmax y conversión de unidades.",relación entre Km y Vmax/2 | cálculo de [S] a partir de v | inhibición competitiva y no competitiva | interpretación de curvas v vs [S],no
1,media,Sustancias polares y anfipáticas,La pregunta sobre sustancias polares quedó parcialmente correcta en el intento 2024.,solubilidad de azúcares | extremos polares en moléculas anfipáticas | solubilidad en hidrocarburos | diferencia entre polaridad y carga neta,no
2,baja-media,GLUT-1 y transporte facilitado,La pregunta de GLUT-1 quedó parcialmente correcta en 2024 por seleccionar demasiadas opciones.,Km del transportador | porcentaje de Vmax | dirección del flujo según gradiente de glucosa,no
2,baja-media,Disminución de Na+ extracelular,La pregunta de hiponatremia/Na+ extracelular quedó parcialmente correcta en 2024.,osmolaridad intersticial e intravascular | movimiento de agua hacia el LIC | cambios de volumen celular,no
3,alta,Nernst y fuerza impulsora,La primera pregunta quedó parcialmente correcta (15/30) en 2024.,signo del potencial de equilibrio | polo positivo/negativo | fuerza impulsora Vm - Eion | dirección del flujo para K+ y Mg2+,no
3,alta,Potencial de membrana de reposo,La pregunta quedó incorrecta (0/20) en 2024.,diferencia entre Nernst y potencial de reposo | permeabilidades relativas | efecto de apertura de canales | efecto de [K+] extracelular,no
3,alta,Equilibrio de Donnan y contrapresión osmótica,La pregunta quedó parcialmente correcta (10/20) en 2024.,macromoléculas no difusibles cargadas y neutras | distribución de Cl- | diferencia de potencial permanente | presión osmótica en equilibrio,no
3,alta,Cálculo de potenciales de equilibrio,La tabla de Nernst quedó correcta (30/30); conviene conservarlo como tema fuerte.,E_Na | E_K | signo y localización de polos,sí
